m_id,m_Intencity,m_AttenuationRadius,m_LightColor,m_SourceRadius
0,0.0,0.0,"[1.0, 1.0, 1.0, 1.0]",0.0
1,0.0,2000.0,"[1.0, 1.0, 1.0, 1.0]",0.0
2,0.0,2000.0,"[1.0, 1.0, 1.0, 1.0]",0.0
3,10000.0,1000.0,"[0.699999988079071, 0.46000000834465027, 0.17599999904632568, 1.0]",2.0
