m_id,m_PosotionX,m_PosotionY,m_PosotionZ,m_RotationX,m_RotationY,m_FOV,m_FocalDistance,m_FocalRegion,m_NearTransition,m_FarTransition,m_NearBlurSize,m_FarBlurSize,m_Scale
0,0.0,0.0,0.0,0.0,0.0,20.0,0.0,0.0,0.0,0.0,0.0,0.0,0.0
1,-6280.0,-1240.0,980.0,-7.5,16.0,20.0,5300.0,2300.0,2500.0,5500.0,0.6000000238418579,3.0,0.30000001192092896
32,-6240.0,-1200.0,1000.0,-7.5,16.0,20.0,5300.0,2300.0,2500.0,5500.0,0.6000000238418579,3.0,0.30000001192092896
31,-6490.0,-1280.0,1050.0,-7.5,16.0,20.0,5300.0,2300.0,2500.0,5500.0,0.6000000238418579,3.0,0.30000001192092896
2,0.10000000149011612,5.0,0.75,20.0,0.25,20.0,0.0,0.0,0.0,0.0,0.0,0.0,0.0
3,-7300.0,-1450.0,1050.0,-7.5,16.5,20.0,5300.0,2300.0,2500.0,5500.0,0.6000000238418579,3.0,0.30000001192092896
4,-5600.0,-500.0,930.0,-7.5,8.5,20.0,4800.0,1200.0,2500.0,5500.0,0.5,6.0,0.5
5,-4700.0,-20.0,550.0,-5.400000095367432,7.0,20.0,3000.0,3000.0,3000.0,4000.0,2.0,6.0,2.0
