m_id,m_Param
0,0.0
1,777.77001953125
2,0.0
3,0.75
4,0.8500000238418579
5,0.800000011920929
